age,gender,occupation,education_level,marital_status,income,credit_score,loan_status
32.100455537301,Male,Engineer,Bachelor's,Married,83498.31083382464,716.5900143459335,Approved
44.63395943158801,Female,Teacher,Master's,Single,63127.464989420856,686.4487281936673,Approved
27.848106024645944,Male,Student,High School,Single,25274.713520100955,589.4329639242593,Denied
50.879445386276686,Female,Manager,Bachelor's,Married,102687.92222174013,778.2170342408325,Approved
35.689174649494156,Male,Accountant,Bachelor's,Married,73774.05786866274,710.7165707842241,Approved
24.52902358941335,Female,Nurse,Associate's,Single,46055.79746740968,643.3024298506025,Denied
41.7040384558673,Male,Lawyer,Doctoral,Married,121271.63798598542,781.0261569695091,Approved
28.54510951594283,Female,Artist,Bachelor's,Single,38082.954290442045,617.3794559116976,Denied
36.81643477380475,Male,IT,Master's,Married,90919.23008486583,749.5838913091947,Approved
48.15340843875795,Female,Doctor,Doctoral,Married,182486.90348605075,821.5989439106557,Approved
54.2286326264132,Male,Consultant,Master's,Married,111579.46811699228,771.8371976121465,Approved
31.078969785443732,Female,Analyst,Bachelor's,Single,68114.37818823072,696.3641846524797,Approved
25.89074939749397,Male,Salesman,High School,Single,39083.331876415774,612.7941769359816,Denied
38.86852465566401,Female,Marketing,Bachelor's,Married,79271.92344721207,730.059255870034,Approved
43.9409385147132,Male,Architect,Master's,Married,94257.91084069548,767.5122441802391,Approved
27.010222466388484,Female,Designer,Bachelor's,Single,51908.33941691762,647.5661287629138,Denied
33.54402175816175,Male,Engineer,Bachelor's,Married,87217.92016735146,741.3423998040274,Approved
41.389416801264325,Female,Pharmacist,Doctoral,Married,125619.93931051683,794.9262932731837,Approved
30.249451523659918,Male,Researcher,Master's,Single,72227.59196043476,697.2904794158715,Approved
53.28931135665589,Female,Professor,Doctoral,Married,97178.79204381339,784.0384459130801,Approved
37.528707997327416,Male,Pilot,Bachelor's,Married,83801.50092588924,716.5959730151405,Approved
24.82661945034247,Female,Receptionist,High School,Single,35935.12713687289,588.9856381156867,Denied
45.81809861260455,Male,Banker,Master's,Married,115503.22205501373,785.3689600728021,Approved
33.23470389098861,Female,Writer,Bachelor's,Single,43642.26042354101,629.8756234928137,Denied
39.54543046041512,Male,Chef,Associate's,Married,60333.116740404104,696.3824002012884,Approved
28.186633589446902,Female,Veterinarian,Doctoral,Single,73356.68564602501,712.7087132708776,Approved
35.70454126247936,Male,Sales,Bachelor's,Married,68289.99388440851,699.7791688742254,Approved
42.615260989700495,Female,HR,Master's,Married,91281.43933971132,748.2233396443835,Approved
30.84844209123186,Male,Electrician,High School,Single,55067.53598610168,668.0757825442679,Approved
49.36581234016143,Female,Realtor,Bachelor's,Married,62778.44701774638,723.340114929934,Approved
27.056688290168406,Male,Photographer,Associate's,Single,39566.74512836324,602.5818991790039,Denied
54.54987909189526,Female,Editor,Master's,Married,86132.48238685328,764.9474674130016,Approved
31.4585540279859,Male,Programmer,Bachelor's,Married,95409.38953730986,774.1462320130669,Approved
47.54014706301671,Female,Dentist,Doctoral,Married,139837.7813163439,812.6999401621716,Approved
28.663467619647633,Male,Musician,Bachelor's,Single,33447.427691736964,572.2826135160325,Denied
53.03123131764199,Female,Psychologist,Doctoral,Married,110985.68432948191,798.3972246031228,Approved
35.09552487330817,Male,Engineer,Master's,Married,103542.27799939865,773.0678910275435,Approved
26.19056805714455,Female,Server,High School,Single,27900.957794561444,559.8825681100864,Denied
39.73097939200654,Male,Software,Bachelor's,Married,83264.31975789803,738.1321670331889,Approved
32.56611811780526,Female,Stylist,Associate's,Single,44923.11972582015,623.5425800791688,Denied
37.69262451127368,Male,Accountant,Bachelor's,Married,85228.4790086555,730.4573931798787,Approved
30.022983827896667,Female,Teacher,Master's,Single,59364.72116057356,675.2321808351935,Approved
45.61048204121819,Male,Manager,Bachelor's,Married,107660.39409958433,792.0795649712188,Approved
28.433247031084523,Female,Nurse,Associate's,Single,47883.262716832374,662.1965180526893,Denied
41.735613702150715,Male,Lawyer,Doctoral,Married,129057.3512412115,794.6097239147994,Approved
35.942531098253845,Female,Engineer,Master's,Married,89607.10077811785,737.4265012729262,Approved
30.686311920421435,Male,Analyst,Bachelor's,Single,63623.14663172227,680.5393522189539,Approved
47.90111076779958,Female,Doctor,Doctoral,Married,175952.27991902348,828.7520701988133,Approved
34.13576923367164,Male,IT,Bachelor's,Married,79474.114856191,719.4098386161066,Approved
27.53318178358811,Female,Artist,Bachelor's,Single,34041.769008392585,602.2280420095054,Denied
40.2193631594273,Male,Consultant,Master's,Married,106150.38719819633,759.6907376359064,Approved
28.827595795793947,Female,Designer,Bachelor's,Single,45648.91964020644,642.1834712128403,Denied
37.05882990335195,Male,Engineer,Bachelor's,Married,92872.2531694496,749.6729171055732,Approved
43.45976806842478,Female,Marketing,Master's,Married,85431.0795427197,740.2705118430705,Approved
31.686679009867927,Male,Salesman,High School,Single,45451.15970373773,631.0794109218602,Denied
49.85021017759281,Female,Professor,Doctoral,Married,119879.86386097291,809.7033721058949,Approved
38.77075246443007,Male,Architect,Master's,Married,99236.22984303668,771.1380384897366,Approved
24.80347145726706,Female,Receptionist,High School,Single,33069.763799746754,574.4526995776048,Denied
43.242602905907034,Male,Banker,Bachelor's,Married,93087.27967716506,763.5922035784478,Approved
30.551116268450375,Female,Writer,Master's,Single,55337.353591223444,650.4945950867245,Approved
38.82456212748619,Male,Chef,Associate's,Married,65346.53686686511,697.0068891393722,Approved
32.03110274294722,Male,Engineer,Bachelor's,Married,86763.04524739076,719.912789329682,Approved
45.71200323224111,Female,Teacher,Master's,Single,61436.38106494075,682.8964707169221,Approved
27.407224996466997,Male,Student,High School,Single,24525.698771834206,591.1261568729448,Denied
51.313311587245046,Female,Manager,Bachelor's,Married,102824.55705429439,778.4986652155545,Approved
36.76519348448404,Male,Accountant,Bachelor's,Married,74614.31271837057,710.2203037689343,Approved
23.27349269596499,Female,Nurse,Associate's,Single,49579.91082538568,637.643279743817,Denied
42.64950210873082,Male,Lawyer,Doctoral,Married,118465.66247088349,789.6187249369842,Approved
28.79969305158322,Female,Artist,Bachelor's,Single,39806.540226884375,620.7698556190844,Denied
37.2172959520458,Male,IT,Master's,Married,92693.39945789917,751.1189236084897,Approved
47.838211590884036,Female,Doctor,Doctoral,Married,181636.17716964785,820.034971196083,Approved
55.17674832873557,Male,Consultant,Master's,Married,110771.77022490639,772.1438337630137,Approved
31.658106144437784,Female,Analyst,Bachelor's,Single,68309.32621155809,691.0326092348577,Approved
25.994127113997116,Male,Salesman,High School,Single,43176.09733010114,605.7570902404789,Denied
39.57616984864104,Female,Marketing,Bachelor's,Married,80518.85984861403,734.2800312308832,Approved
43.912729816692405,Male,Architect,Master's,Married,95494.59179894764,762.4791108761281,Approved
27.150064643211874,Female,Designer,Bachelor's,Single,53925.44901882762,648.9900822135427,Denied
33.53533055022617,Male,Engineer,Bachelor's,Married,86869.2825955784,745.5655576966758,Approved
41.31141171794126,Female,Pharmacist,Doctoral,Married,127430.2493186807,799.7157833151141,Approved
30.02305135173614,Male,Researcher,Master's,Single,71221.16485902699,699.2954820870805,Approved
53.14314332934323,Female,Professor,Doctoral,Married,94769.97063303743,791.1911941073856,Approved
36.97468697244529,Male,Pilot,Bachelor's,Married,79511.24997321088,724.6478575403078,Approved
24.85955982841525,Female,Receptionist,High School,Single,32140.108464824218,588.5037149146915,Denied
45.9010410468162,Male,Banker,Master's,Married,115654.79939600822,782.7837365017027,Approved
32.782093685084895,Female,Writer,Bachelor's,Single,44860.995471726696,636.2190115105374,Denied
40.1980202611113,Male,Chef,Associate's,Married,63908.708836560436,691.6846862585027,Approved
28.16939357251516,Female,Veterinarian,Doctoral,Single,73041.71278511194,714.4717978020304,Approved
34.87773697709365,Male,Sales,Bachelor's,Married,71681.30503338348,705.5229543785224,Approved
43.18033668440604,Female,HR,Master's,Married,89867.31744843937,750.0906225698557,Approved
31.068905056946612,Male,Electrician,High School,Single,55016.43069602086,668.147562106481,Approved
49.499931361446386,Female,Realtor,Bachelor's,Married,61075.202529068956,725.1698284628592,Approved
27.332361860822584,Male,Photographer,Associate's,Single,39456.262743313484,595.0378070285751,Denied
54.132652230390505,Female,Editor,Master's,Married,84611.7865726731,764.8519178664657,Approved
31.925395354202514,Male,Programmer,Bachelor's,Married,93981.41232014213,790.9909885476555,Approved
46.86496029191345,Female,Dentist,Doctoral,Married,139415.04891606432,800.419020391072,Approved
29.489455046190262,Male,Musician,Bachelor's,Single,30224.439703985263,570.5467238812923,Denied
51.617695778118566,Female,Psychologist,Doctoral,Married,108731.9956644219,798.9673695409815,Approved
34.775780911623066,Male,Engineer,Master's,Married,99906.3341202633,766.5612985805247,Approved
26.445698763510524,Female,Server,High School,Single,27735.178172672622,556.6326923662295,Denied
40.16807879771493,Male,Software,Bachelor's,Married,85392.57528794605,741.8542644568013,Approved
33.95998915660101,Female,Stylist,Associate's,Single,41307.15105824279,622.3229468890586,Denied
37.858436290298016,Male,Accountant,Bachelor's,Married,83672.41803504321,735.1106741428113,Approved
29.597766159575713,Female,Teacher,Master's,Single,57629.67487709266,673.7452424921162,Approved
45.68569833374564,Male,Manager,Bachelor's,Married,112054.4054398455,788.9612037641311,Approved
28.399175330395508,Female,Nurse,Associate's,Single,51268.96860428419,656.8332416935082,Denied
41.86435804223619,Male,Lawyer,Doctoral,Married,132830.05043628602,795.2646208629178,Approved
36.54522530712118,Female,Engineer,Master's,Married,90232.37371050406,742.1181495464152,Approved
30.842837631942057,Male,Analyst,Bachelor's,Single,63396.856965122315,675.3427109141794,Approved
48.24598843281289,Female,Doctor,Doctoral,Married,177538.83105069774,825.1236811604878,Approved
35.06240708689031,Male,IT,Bachelor's,Married,78017.1698292278,713.6539545522384,Approved
25.98918593218872,Female,Artist,Bachelor's,Single,32721.64410501404,599.7498646204664,Denied
41.63820646253878,Male,Consultant,Master's,Married,106291.99135728837,760.0451416484473,Approved
28.619600723645487,Female,Designer,Bachelor's,Single,48374.6354726739,642.5581617529365,Denied
37.04609798497592,Male,Engineer,Bachelor's,Married,88652.41161047689,748.4528951732199,Approved
43.753124005502414,Female,Marketing,Master's,Married,84357.69417451783,739.5047611419122,Approved
32.41191173533502,Male,Salesman,High School,Single,44215.25767254266,632.488559119256,Denied
49.903465238457166,Female,Professor,Doctoral,Married,121693.21871538702,804.2499327633158,Approved
38.458536394835946,Male,Architect,Master's,Married,96139.7244544654,769.9403156896647,Approved
25.337082589232715,Female,Receptionist,High School,Single,31203.09935131996,569.4305256304527,Denied
43.191210533518536,Male,Banker,Bachelor's,Married,97350.1472444864,754.698241647323,Approved
29.069463114781737,Female,Writer,Master's,Single,53154.63882649809,653.7579324002675,Approved
38.05667186549331,Male,Chef,Associate's,Married,66801.92734119098,695.8805855344878,Approved
32.526710907283466,Male,Engineer,Bachelor's,Married,82078.94852265515,717.2160373065074,Approved
45.03332504807559,Female,Teacher,Master's,Single,61866.38415727326,678.3769369189657,Approved
28.435415364971927,Male,Student,High School,Single,23843.118933905716,590.9302502642955,Denied
50.60961105092182,Female,Manager,Bachelor's,Married,104234.06953147147,784.0423174725586,Approved
36.763822884101735,Male,Accountant,Bachelor's,Married,74545.27738399238,704.4772448110514,Approved
23.153084112300157,Female,Nurse,Associate's,Single,48673.67548563274,635.8353844046345,Denied
42.364491642044555,Male,Lawyer,Doctoral,Married,121167.20518881954,789.6266119482473,Approved
29.100868206812848,Female,Artist,Bachelor's,Single,37217.90756807335,626.2902884675636,Denied
36.396597772198525,Male,IT,Master's,Married,93464.44276152023,741.1051693180959,Approved
47.57985047318771,Female,Doctor,Doctoral,Married,179761.59457512913,819.6262191855703,Approved
54.16574223352534,Male,Consultant,Master's,Married,109703.23771732152,766.6854201092843,Approved
31.00861131972575,Female,Analyst,Bachelor's,Single,67634.19002212652,694.0481276203031,Approved
25.707539939976765,Male,Salesman,High School,Single,40260.59848960951,611.284117331511,Denied
38.78809765511696,Female,Marketing,Bachelor's,Married,79711.11391319214,729.5268941758209,Approved
44.38301517699854,Male,Architect,Master's,Married,95707.99694540667,752.6239789524893,Approved
26.466110968575556,Female,Designer,Bachelor's,Single,53386.12373475645,649.8322157207991,Denied
33.50196766038806,Male,Engineer,Bachelor's,Married,85951.87206113526,741.5589340006683,Approved
40.10070227072739,Female,Pharmacist,Doctoral,Married,123375.28259413522,808.1147142238661,Approved
29.49586394110008,Male,Researcher,Master's,Single,70434.92873017832,704.9985018611242,Approved
52.87412973798901,Female,Professor,Doctoral,Married,96403.3962004829,790.2130836566414,Approved
37.46331021682653,Male,Pilot,Bachelor's,Married,80530.70374846489,714.9532216128616,Approved
25.333345080991467,Female,Receptionist,High School,Single,37785.02300642933,571.8249457502063,Denied
45.73315078864938,Male,Banker,Master's,Married,114498.61191452252,781.6626319760862,Approved
32.630222757398556,Female,Writer,Bachelor's,Single,43228.75490633878,631.5135372009612,Denied
40.063661818673566,Male,Chef,Associate's,Married,59729.20322516101,692.1531496971181,Approved
28.08771252182827,Female,Veterinarian,Doctoral,Single,76478.23214806292,705.0010795130357,Approved
34.561463718892526,Male,Sales,Bachelor's,Married,73021.90527690137,701.5841764803309,Approved
43.17573008758627,Female,HR,Master's,Married,88888.49853717827,743.7291061291315,Approved
30.445923436669634,Male,Electrician,High School,Single,53503.5660624721,669.5383860064117,Approved
49.61159962652624,Female,Realtor,Bachelor's,Married,65613.79008555968,725.7203346965593,Approved
27.412351065134306,Male,Photographer,Associate's,Single,40446.115568181594,600.2800723806384,Denied
54.14368791866616,Female,Editor,Master's,Married,86079.73521069247,760.7136546931015,Approved
31.73507909739352,Male,Programmer,Bachelor's,Married,91998.07195909768,775.4672835039997,Approved
46.70873483351837,Female,Dentist,Doctoral,Married,137608.25368745235,803.3355958235148,Approved
29.091230731361655,Male,Musician,Bachelor's,Single,27802.51932013136,561.912396248768,Denied
51.22277195697074,Female,Psychologist,Doctoral,Married,111760.58690308552,798.5319407109524,Approved
34.93270119134609,Male,Engineer,Master's,Married,98978.99942342177,771.2801139059565,Approved
25.408531419957136,Female,Server,High School,Single,27338.139857296665,556.5289189361839,Denied
40.42392022489368,Male,Software,Bachelor's,Married,88165.04480369046,738.1745224403514,Approved
32.90297152379656,Female,Stylist,Associate's,Single,40235.46252757059,618.9587150367828,Denied
38.090344872899145,Male,Accountant,Bachelor's,Married,77690.909094734,734.4687173760893,Approved
29.82850072919411,Female,Teacher,Master's,Single,56994.17521404209,674.5291555870548,Approved
44.57304914270149,Male,Manager,Bachelor's,Married,111985.67738169529,788.3222968290268,Approved
28.094523163750498,Female,Nurse,Associate's,Single,52481.016618389716,660.3119173172436,Denied
42.24997662860574,Male,Lawyer,Doctoral,Married,129477.35345544212,799.2405126199503,Approved
36.16669686979031,Female,Engineer,Master's,Married,90621.40453028925,742.920921851449,Approved
31.759801072377613,Male,Analyst,Bachelor's,Single,65772.98140051766,675.7315147447237,Approved
47.50349123758834,Female,Doctor,Doctoral,Married,173938.7595154073,831.9333087921481,Approved
33.93690236920474,Male,IT,Bachelor's,Married,79230.78561622008,719.6761401795309,Approved
27.74122449148162,Female,Artist,Bachelor's,Single,35247.21499402354,594.9562221262072,Denied
40.68866955946424,Male,Consultant,Master's,Married,103351.3286231417,764.7455654960637,Approved
29.40062558818995,Female,Designer,Bachelor's,Single,49130.738009765264,643.5680454532733,Denied
37.14890035040428,Male,Engineer,Bachelor's,Married,94518.47401103315,746.504193619584,Approved
44.15525359140898,Female,Marketing,Master's,Married,86234.53949290146,746.9945281992796,Approved
32.680379208498636,Male,Salesman,High School,Single,41191.365786244016,628.34570468598,Denied
50.442630116617714,Female,Professor,Doctoral,Married,120220.06810801703,809.9230989176604,Approved
38.815060104841805,Male,Architect,Master's,Married,100367.19130391284,775.0082111495435,Approved
24.89121722043655,Female,Receptionist,High School,Single,31231.295721923037,568.845348268457,Denied
42.70803754755597,Male,Banker,Bachelor's,Married,94392.19588661274,759.4015516208292,Approved
29.678218199044977,Female,Writer,Master's,Single,52687.62320821238,652.8341023813318,Approved
37.71562232644389,Male,Chef,Associate's,Married,67225.33718648608,703.7143222147068,Approved
32.747457222203664,Male,Engineer,Bachelor's,Married,85247.18211076732,720.5543001815864,Approved
45.05813529650291,Female,Teacher,Master's,Single,61625.686322607704,677.7981779234773,Approved
28.589889635504914,Male,Student,High School,Single,24413.282232242702,585.6446293987113,Denied
50.85954450369667,Female,Manager,Bachelor's,Married,106760.02529456963,778.7390073715859,Approved
36.183426048165124,Male,Accountant,Bachelor's,Married,76810.00288515697,711.6683099440453,Approved
24.472428765658922,Female,Nurse,Associate's,Single,45519.03873793676,647.5637670265179,Denied
42.702676878412646,Male,Lawyer,Doctoral,Married,120484.3792527095,785.9356070824257,Approved
28.77820799559244,Female,Artist,Bachelor's,Single,37247.7339540112,620.8022762431282,Denied
36.651132209109356,Male,IT,Master's,Married,93105.33191355396,751.6933988361983,Approved
47.97914947403042,Female,Doctor,Doctoral,Married,179089.2059802457,821.3370319698953,Approved
54.50434659001364,Male,Consultant,Master's,Married,110545.18829065708,772.5544203302754,Approved
30.94326915699707,Female,Analyst,Bachelor's,Single,68778.54015669959,690.3480382695692,Approved
25.7042952920607,Male,Salesman,High School,Single,38798.86012545627,609.96423650899,Denied
39.896306360904404,Female,Marketing,Bachelor's,Married,77523.56165970817,726.725234287056,Approved
43.90368333910058,Male,Architect,Master's,Married,96559.23941911216,758.9818737330646,Approved
26.76311125917195,Female,Designer,Bachelor's,Single,51406.28421967898,650.2272978696566,Denied
33.62301043458914,Male,Engineer,Bachelor's,Married,89879.81748385777,740.4683254273875,Approved
40.7337868790475,Female,Pharmacist,Doctoral,Married,125661.75986808554,806.377531307588,Approved
30.428066631738837,Male,Researcher,Master's,Single,70706.79542489664,705.1491125877305,Approved
53.04227551722649,Female,Professor,Doctoral,Married,96670.55009678427,791.8258352567623,Approved
37.7538854764282,Male,Pilot,Bachelor's,Married,79453.51014446159,717.7907132447734,Approved
25.127789257520586,Female,Receptionist,High School,Single,34340.090750483076,572.6186708860175,Denied
47.08669510322381,Male,Banker,Master's,Married,112591.89105049419,778.8440372823729,Approved
33.451579730134,Female,Writer,Bachelor's,Single,44537.83605489916,635.6200031943514,Denied
39.87505318410529,Male,Chef,Associate's,Married,59128.44687635704,692.2737411558356,Approved
28.288411275683117,Female,Veterinarian,Doctoral,Single,74995.22160399862,711.0088445412662,Approved
35.09463194958948,Male,Sales,Bachelor's,Married,68348.93508183294,704.2644720032657,Approved
42.21015193124651,Female,HR,Master's,Married,89321.86068089755,753.6957601256811,Approved
30.417245384474032,Male,Electrician,High School,Single,53299.4434928356,668.2738394556587,Approved
48.61839783382154,Female,Realtor,Bachelor's,Married,64486.55808981186,722.1630203866556,Approved
27.434971193921278,Male,Photographer,Associate's,Single,41198.57111192503,602.9987944263095,Denied
54.33550736389455,Female,Editor,Master's,Married,86936.68195867358,758.4675680055491,Approved
31.48133015720698,Male,Programmer,Bachelor's,Married,93110.65554360775,774.3593571581949,Approved
47.514996423213475,Female,Dentist,Doctoral,Married,142742.69151087437,804.5577151976149,Approved
29.024400788909972,Male,Musician,Bachelor's,Single,29246.73039896305,568.9407143428461,Denied
52.31359283381,Female,Psychologist,Doctoral,Married,111314.80338212299,794.1808770763737,Approved
35.14096424026274,Male,Engineer,Master's,Married,102668.62943630337,768.5689708805337,Approved
26.58431448136351,Female,Server,High School,Single,30112.26247099801,555.0519677585273,Denied
39.43478055196067,Male,Software,Bachelor's,Married,84842.96568391404,733.8441477910593,Approved
32.88466910590209,Female,Stylist,Associate's,Single,43435.029265885794,619.6901406956208,Denied
38.06962556220617,Male,Accountant,Bachelor's,Married,80964.14994838412,726.7762017253367,Approved
30.510317047741566,Female,Teacher,Master's,Single,58070.88938394998,667.9397908973428,Approved
44.52751472188748,Male,Manager,Bachelor's,Married,110348.67534265105,792.7058398527183,Approved
28.005364371775933,Female,Nurse,Associate's,Single,51652.92322676373,659.4887359383728,Denied
41.85252044589186,Male,Lawyer,Doctoral,Married,129021.96223641468,800.1385392898945,Approved
36.16766194028277,Female,Engineer,Master's,Married,88543.46558001972,741.8303794380779,Approved
31.33764705842562,Male,Analyst,Bachelor's,Single,63741.23643341488,677.8878611857336,Approved
48.75201602410579,Female,Doctor,Doctoral,Married,172032.0151706222,834.849910967245,Approved
34.305807835861366,Male,IT,Bachelor's,Married,81100.70548319617,719.6941326396842,Approved
26.73280469505177,Female,Artist,Bachelor's,Single,35383.93959249129,601.3919626282461,Denied
41.055696575835086,Male,Consultant,Master's,Married,106638.95912200217,756.1317943113128,Approved
29.857911676480068,Female,Designer,Bachelor's,Single,48293.42546919129,640.8380664772569,Denied
37.00289355565301,Male,Engineer,Bachelor's,Married,93050.50934912328,749.2160912289814,Approved
44.29802249928203,Female,Marketing,Master's,Married,85185.50568924478,738.2661175047995,Approved
32.57921757791815,Male,Salesman,High School,Single,41055.07732333792,627.8783190085906,Denied
49.97593818735615,Female,Professor,Doctoral,Married,118938.77354519688,810.1915142437829,Approved
38.54699201140523,Male,Architect,Master's,Married,98659.01878917024,767.9088447977543,Approved
25.24114656596964,Female,Receptionist,High School,Single,31558.981295716436,571.5383166534942,Denied
42.255891845807874,Male,Banker,Bachelor's,Married,94627.97008882623,762.201619205092,Approved
30.101541914786694,Female,Writer,Master's,Single,52361.933363670665,648.5261676116447,Approved
38.44048556342016,Male,Chef,Associate's,Married,66523.67776484303,706.3282877613649,Approved
32.092067069872414,Male,Engineer,Bachelor's,Married,82467.18919615184,721.0739335120363,Approved
44.77608824450162,Female,Teacher,Master's,Single,61124.29453004902,678.426688407222,Approved
28.00774292407632,Male,Student,High School,Single,22656.280578946225,593.2004654846475,Denied
51.01951262282303,Female,Manager,Bachelor's,Married,105830.25924199425,771.0369988151607,Approved
36.22744991283595,Male,Accountant,Bachelor's,Married,72187.97560527982,710.4264430465065,Approved
23.799839145381853,Female,Nurse,Associate's,Single,52399.95132205146,639.0060428608685,Denied
42.60189604575288,Male,Lawyer,Doctoral,Married,120062.51189115473,795.8336107741076,Approved
29.50444817731916,Female,Artist,Bachelor's,Single,37210.15793861384,627.2582960609741,Denied
36.68147724329839,Male,IT,Master's,Married,91217.74505065316,747.8981835941179,Approved
47.740206346193354,Female,Doctor,Doctoral,Married,181487.589549339,812.6376764092076,Approved
54.608692683597546,Male,Consultant,Master's,Married,109672.6477130286,773.0595162220286,Approved
31.135964658238837,Female,Analyst,Bachelor's,Single,70056.47075162569,691.7113937326444,Approved
26.46361739057832,Male,Salesman,High School,Single,39764.4281882302,603.9417520418771,Denied
39.19120911450881,Female,Marketing,Bachelor's,Married,77535.63790557004,731.3360045578696,Approved
43.99489830269116,Male,Architect,Master's,Married,95018.0440442106,757.3726599431901,Approved
27.11524533256571,Female,Designer,Bachelor's,Single,55198.36431345501,647.26889005986,Denied
34.014416080748646,Male,Engineer,Bachelor's,Married,88025.44187774663,735.6913859975339,Approved
40.817978475145274,Female,Pharmacist,Doctoral,Married,125408.29851583952,805.0118567554093,Approved
29.846232593874095,Male,Researcher,Master's,Single,70784.79546168544,698.2678924311253,Approved
53.41457046768933,Female,Professor,Doctoral,Married,97442.62152971714,790.3316789152469,Approved
38.16933924237386,Male,Pilot,Bachelor's,Married,80382.65782843383,722.5422175440194,Approved
24.996194520438085,Female,Receptionist,High School,Single,35889.14780624574,580.2856392763853,Denied
45.44426756091442,Male,Banker,Master's,Married,112777.32351106574,772.8905565792528,Approved
33.50545230595196,Female,Writer,Bachelor's,Single,50545.8330667613,628.772028766929,Denied
39.821562900712195,Male,Chef,Associate's,Married,57505.47881435905,693.4121177873893,Approved
27.35631319117402,Female,Veterinarian,Doctoral,Single,73025.82125942424,715.5576286115261,Approved
35.06156666190392,Male,Sales,Bachelor's,Married,72063.94316511168,697.7170132018546,Approved
43.62104643172513,Female,HR,Master's,Married,85092.31748522125,744.397483842124,Approved
31.22538281365546,Male,Electrician,High School,Single,57546.59782014842,675.1267753412915,Approved
48.479272731787795,Female,Realtor,Bachelor's,Married,65496.70739046815,718.7216170496796,Approved
26.736907871080998,Male,Photographer,Associate's,Single,38312.62648744649,594.458774756824,Denied
53.844150808662675,Female,Editor,Master's,Married,85092.7000114918,767.9348090198793,Approved
32.01024489373667,Male,Programmer,Bachelor's,Married,96333.25258107686,779.1924959730459,Approved
47.26473616243977,Female,Dentist,Doctoral,Married,137896.58801167604,806.9911180816405,Approved
28.269518724841234,Male,Musician,Bachelor's,Single,31258.420031717338,570.2494858947089,Denied
51.881263540641086,Female,Psychologist,Doctoral,Married,113360.61184333487,802.8203576424644,Approved
34.81787424975163,Male,Engineer,Master's,Married,100138.61735318959,771.3159621854317,Approved
26.70649200617694,Female,Server,High School,Single,27353.241354027057,564.8817105087634,Denied
39.64494495923343,Male,Software,Bachelor's,Married,84777.25550087573,735.2934958055046,Approved
32.74847648120005,Female,Stylist,Associate's,Single,44503.392952588554,617.7123626991344,Denied
37.91353340990588,Male,Accountant,Bachelor's,Married,78691.8488916259,730.8482887525663,Approved
30.091610063505097,Female,Teacher,Master's,Single,54631.89100974878,669.206615108423,Approved
44.838344907910525,Male,Manager,Bachelor's,Married,108348.8288552182,789.0198933617597,Approved
28.074330321653996,Female,Nurse,Associate's,Single,50599.86633212361,655.3794578741133,Denied
42.25369405374487,Male,Lawyer,Doctoral,Married,131122.63037838115,798.1741052654293,Approved
36.58786283084527,Female,Engineer,Master's,Married,88237.38891689984,740.2447695935876,Approved
30.924560705231972,Male,Analyst,Bachelor's,Single,65270.009423272066,674.9108671050922,Approved
48.116046615378984,Female,Doctor,Doctoral,Married,172861.3278599636,833.0426063495281,Approved
33.27781283942504,Male,IT,Bachelor's,Married,79465.90684004042,724.6668772797672,Approved
26.99441962153506,Female,Artist,Bachelor's,Single,35081.7656087203,599.7012505701066,Denied
40.45774923228035,Male,Consultant,Master's,Married,104371.20602926081,758.9990581074268,Approved
28.524237727288547,Female,Designer,Bachelor's,Single,45328.85989597303,638.9824170737901,Denied
37.02546777305304,Male,Engineer,Bachelor's,Married,89604.11465675454,753.7677244499025,Approved
44.000057380375196,Female,Marketing,Master's,Married,85751.47301159451,737.3997407679785,Approved
31.580897804035427,Male,Salesman,High School,Single,47750.016152396514,626.796071849589,Denied
49.60713099696122,Female,Professor,Doctoral,Married,119436.27851228457,808.6654729000571,Approved
40.15405747483898,Male,Architect,Master's,Married,101827.92013509462,764.1243469081508,Approved
25.15776508678117,Female,Receptionist,High School,Single,34231.8813031032,562.7717534094503,Denied
42.8880603539432,Male,Banker,Bachelor's,Married,96014.8992167473,761.1144879524321,Approved
29.666350021299824,Female,Writer,Master's,Single,52900.91895220373,648.6862255739878,Approved
38.50141702595124,Male,Chef,Associate's,Married,67535.84373839865,698.4421760295404,Approved
32.181901793863766,Male,Engineer,Bachelor's,Married,83230.08846663497,722.9988408595613,Approved
44.929393514898074,Female,Teacher,Master's,Single,61670.65981461031,681.2541306109364,Approved
27.26548071493338,Male,Student,High School,Single,24848.69421309873,589.5943860876994,Denied
50.390176357981865,Female,Manager,Bachelor's,Married,104106.91637575536,774.1731590521898,Approved
35.47956548879111,Male,Accountant,Bachelor's,Married,76228.06895332331,706.1558171793898,Approved
24.211627928053776,Female,Nurse,Associate's,Single,49947.229563828616,642.5196915555616,Denied
41.9087568791237,Male,Lawyer,Doctoral,Married,121004.84612248553,786.6797375170306,Approved
28.636336047053096,Female,Artist,Bachelor's,Single,37707.03556061056,617.1514394278436,Denied
36.757867421483795,Male,IT,Master's,Married,93107.88487145287,749.1609482783394,Approved
47.864850159620936,Female,Doctor,Doctoral,Married,181122.7282162012,824.5236337675273,Approved
54.88713194569104,Male,Consultant,Master's,Married,107213.2375086059,765.4958861455923,Approved
31.227944341025022,Female,Analyst,Bachelor's,Single,66695.31997888885,691.9612878860565,Approved
25.6341812810088,Male,Salesman,High School,Single,40309.850999221126,612.7474538855225,Denied
38.52266781006024,Female,Marketing,Bachelor's,Married,78919.32960319662,731.1062110572111,Approved
43.8805928139541,Male,Architect,Master's,Married,92873.66040497145,757.0323356280711,Approved
27.816636806809633,Female,Designer,Bachelor's,Single,54384.00066404313,647.9419944717423,Denied
33.83757052093161,Male,Engineer,Bachelor's,Married,85138.77213912213,739.1007367351092,Approved
40.72401933387396,Female,Pharmacist,Doctoral,Married,127047.00661067081,801.0698111556247,Approved
30.257082608045337,Male,Researcher,Master's,Single,71675.5638897424,699.0878660471224,Approved
53.41922551189829,Female,Professor,Doctoral,Married,99807.31130708466,789.3081579204023,Approved
37.86744812166988,Male,Pilot,Bachelor's,Married,76482.890246312,721.2636001512636,Approved
25.19369442716268,Female,Receptionist,High School,Single,34165.69812348174,570.3890584402925,Denied
45.4802245323795,Male,Banker,Master's,Married,115351.17565849719,778.3076717617133,Approved
32.578116297177154,Female,Writer,Bachelor's,Single,48397.08157332274,630.1052311173892,Denied
40.695980136887385,Male,Chef,Associate's,Married,61508.47322010171,686.2724062992589,Approved
28.312201340607153,Female,Veterinarian,Doctoral,Single,75254.3840967531,708.7801474399324,Approved
35.08592310488064,Male,Sales,Bachelor's,Married,68645.20411829048,698.4583309152289,Approved
43.12230715332109,Female,HR,Master's,Married,89437.69187771181,747.4960288614292,Approved
31.385303807737202,Male,Electrician,High School,Single,53587.77138677702,670.5394369235584,Approved
48.5464373295734,Female,Realtor,Bachelor's,Married,66135.40117956806,723.3494908462318,Approved
26.566022969583734,Male,Photographer,Associate's,Single,41424.60284888397,599.5771956053362,Denied
54.28115040266649,Female,Editor,Master's,Married,84848.71845315912,760.808182607701,Approved
32.270193810264054,Male,Programmer,Bachelor's,Married,98479.69513067586,774.3763948406538,Approved
47.09144092158799,Female,Dentist,Doctoral,Married,139336.8485548167,806.3974490316292,Approved
29.45063002563677,Male,Musician,Bachelor's,Single,29851.4522959223,567.9257271227607,Denied
52.18196999261655,Female,Psychologist,Doctoral,Married,110185.06198524858,799.4686384427035,Approved
34.725878521088035,Male,Engineer,Master's,Married,101410.06500574063,773.6326391854213,Approved
25.602566562416676,Female,Server,High School,Single,25727.861726059084,565.099271771874,Denied
40.036879493464255,Male,Software,Bachelor's,Married,82693.37066333892,739.482360020398,Approved
34.016133763591526,Female,Stylist,Associate's,Single,40985.82449078532,621.8343490597833,Denied
38.77152862131561,Male,Accountant,Bachelor's,Married,82842.46878944765,734.3668345587881,Approved
29.18664698527927,Female,Teacher,Master's,Single,57059.577364833174,678.7502464170855,Approved
45.46199951488109,Male,Manager,Bachelor's,Married,108897.48321615497,784.8734643171225,Approved
28.154964788574183,Female,Nurse,Associate's,Single,48991.64604050842,661.1877847925938,Denied
42.32706073379329,Male,Lawyer,Doctoral,Married,129428.57109170397,799.4775322494256,Approved
35.700172117735804,Female,Engineer,Master's,Married,89440.0917709658,738.8466868052345,Approved
30.442036591206485,Male,Analyst,Bachelor's,Single,65366.10588085994,675.3044082208932,Approved
46.970867226960856,Female,Doctor,Doctoral,Married,173221.21986343304,833.8886571091069,Approved
34.31517670300109,Male,IT,Bachelor's,Married,79566.95040661964,720.4952648781482,Approved
27.632271888013197,Female,Artist,Bachelor's,Single,38336.35259986923,596.0276052443464,Denied
40.66624731152333,Male,Consultant,Master's,Married,104537.1558219011,761.147830998306,Approved
28.831378448720873,Female,Designer,Bachelor's,Single,46769.33986842847,641.8175578846116,Denied
37.58075561337729,Male,Engineer,Bachelor's,Married,91141.21597930725,751.6984858222471,Approved
44.37046213822403,Female,Marketing,Master's,Married,83639.1939846155,739.9428154039538,Approved
31.962893324544567,Male,Salesman,High School,Single,46213.67370746484,629.8338102015467,Denied
50.096365035389894,Female,Professor,Doctoral,Married,121369.86015680524,813.174294259995,Approved
39.09400100079831,Male,Architect,Master's,Married,100568.50529494656,765.0816895562771,Approved
25.1803095382323,Female,Receptionist,High School,Single,29333.78848059366,567.7184056941853,Denied
43.43765744399038,Male,Banker,Bachelor's,Married,93718.98880981495,763.7363767909226,Approved
29.848062566788958,Female,Writer,Master's,Single,55759.134162063856,654.8848020117525,Approved
38.15618427925573,Male,Chef,Associate's,Married,66156.93155791663,703.7114466029115,Approved
31.610265421675336,Male,Engineer,Bachelor's,Married,83794.8844689582,721.7877608195814,Approved
44.63795279276932,Female,Teacher,Master's,Single,63537.55024658647,684.308944189163,Approved
28.07691421443451,Male,Student,High School,Single,25764.22296891052,585.7419216718425,Denied
51.2158477099044,Female,Manager,Bachelor's,Married,104021.36944866297,781.1260668709848,Approved
35.9398199230141,Male,Accountant,Bachelor's,Married,77972.20930128917,714.971398901426,Approved
24.35077064571862,Female,Nurse,Associate's,Single,50871.609062023235,638.7204380193167,Denied
41.98277997343485,Male,Lawyer,Doctoral,Married,120070.82393566493,784.4559163416782,Approved
28.7330461603718,Female,Artist,Bachelor's,Single,36761.84661603609,618.8378106957916,Denied
37.23070554066497,Male,IT,Master's,Married,92250.60327597563,753.9605317411996,Approved
47.82727701976353,Female,Doctor,Doctoral,Married,180297.9939926591,821.0743855700496,Approved
55.61834464772267,Male,Consultant,Master's,Married,111561.58302161109,776.2984742020947,Approved
30.760126257234734,Female,Analyst,Bachelor's,Single,68458.0639673578,693.0452223832817,Approved
26.14703947397777,Male,Salesman,High School,Single,45441.94475602912,610.3620363113727,Denied
38.62895508149614,Female,Marketing,Bachelor's,Married,76567.61597571246,734.0368492018978,Approved
44.75386248938985,Male,Architect,Master's,Married,90032.00885770592,760.6758763162223,Approved
27.021231941805297,Female,Designer,Bachelor's,Single,53980.72708720435,645.8499722584327,Denied
33.885175309600285,Male,Engineer,Bachelor's,Married,86875.85287568132,742.090480415731,Approved
41.59443263944954,Female,Pharmacist,Doctoral,Married,127420.93657433851,800.8352728796644,Approved
29.92133249056099,Male,Researcher,Master's,Single,72641.12749862112,697.8579962182768,Approved
53.173196465962626,Female,Professor,Doctoral,Married,100141.96673870517,792.0436808894792,Approved
38.10510866157443,Male,Pilot,Bachelor's,Married,79302.10269861136,724.2062243855221,Approved
24.354892539124457,Female,Receptionist,High School,Single,35852.073721050554,585.1294537814131,Denied
46.433613334829296,Male,Banker,Master's,Married,111759.3857268598,784.0338809806192,Approved
32.746659040408936,Female,Writer,Bachelor's,Single,48014.724045472336,631.0503131092286,Denied
40.46409974262929,Male,Chef,Associate's,Married,59685.305066615925,687.701184950252,Approved
28.198055797801697,Female,Veterinarian,Doctoral,Single,72701.77239836773,707.2339864214931,Approved
35.20355003859885,Male,Sales,Bachelor's,Married,70527.00231944074,694.8186554803692,Approved
43.532444740996176,Female,HR,Master's,Married,87458.41856576283,748.8068179977004,Approved
30.58076337934798,Male,Electrician,High School,Single,55043.417407000925,667.8671396887006,Approved
48.978988395765704,Female,Realtor,Bachelor's,Married,64598.83231108216,726.4324382645299,Approved
27.013833726550263,Male,Photographer,Associate's,Single,35925.04454609978,602.9026471331645,Denied
53.99045313019543,Female,Editor,Master's,Married,83880.32769614854,758.3292994696887,Approved
32.175163384045284,Male,Programmer,Bachelor's,Married,92023.50779252274,782.1920430707904,Approved
46.69868755499777,Female,Dentist,Doctoral,Married,140737.25777411042,806.7181548159267,Approved
28.91063698559856,Male,Musician,Bachelor's,Single,32297.32677259801,574.2983666977777,Denied
51.87884378957637,Female,Psychologist,Doctoral,Married,111836.40359701625,794.0196632119053,Approved
35.04886356899488,Male,Engineer,Master's,Married,98550.2678454014,769.344940745621,Approved
25.85788939314353,Female,Server,High School,Single,30066.074568730775,560.5512151551433,Denied
39.913270418995126,Male,Software,Bachelor's,Married,85092.62958372218,741.9468460411613,Approved
33.17081127998275,Female,Stylist,Associate's,Single,39610.67732119647,620.2687737125143,Denied
38.2440638309747,Male,Accountant,Bachelor's,Married,79947.57605739927,734.2332067510591,Approved
30.264613543165805,Female,Teacher,Master's,Single,59691.60360074764,669.8370899104805,Approved
45.140142188714776,Male,Manager,Bachelor's,Married,108646.24566149843,787.7825392572842,Approved
26.761714390726688,Female,Nurse,Associate's,Single,50484.085128727886,658.0445561636079,Denied
41.25886062513215,Male,Lawyer,Doctoral,Married,130270.57392592689,799.9564046758395,Approved
35.348348571525015,Female,Engineer,Master's,Married,90602.94049030067,745.6335492777425,Approved
31.086195659350384,Male,Analyst,Bachelor's,Single,66598.4135655854,678.9078102801792,Approved
48.256363656052514,Female,Doctor,Doctoral,Married,174699.63269174818,829.7872275137316,Approved
34.365221824822086,Male,IT,Bachelor's,Married,82101.61528246972,720.859194366837,Approved
26.890435843274734,Female,Artist,Bachelor's,Single,33379.75795950052,600.7212359882749,Denied
41.239842146856226,Male,Consultant,Master's,Married,105106.09125945412,759.1637720825635,Approved
29.16848481047997,Female,Designer,Bachelor's,Single,48482.28264055785,641.1139379709218,Denied
36.88465973498243,Male,Engineer,Bachelor's,Married,90077.51891443189,753.3361941198863,Approved
44.83411704966316,Female,Marketing,Master's,Married,85239.73253778351,738.3274661434702,Approved
31.59571774454725,Male,Salesman,High School,Single,43133.35752165517,634.815267897389,Denied
50.0066394645236,Female,Professor,Doctoral,Married,117564.47804789341,806.6341710688698,Approved
39.02258289425497,Male,Architect,Master's,Married,97326.0633191205,771.2163188174828,Approved
26.14163907000703,Female,Receptionist,High School,Single,32440.04561567891,573.3523074636971,Denied
42.21701842748556,Male,Banker,Bachelor's,Married,97145.38359054892,765.9016647042495,Approved
29.447756926848406,Female,Writer,Master's,Single,58907.45294192366,654.2976157859779,Approved
37.85670038659491,Male,Chef,Associate's,Married,66741.26439623542,698.0290274318289,Approved
32.31478301971754,Male,Engineer,Bachelor's,Married,85688.04851116528,714.508538445164,Approved
45.813436215197925,Female,Teacher,Master's,Single,61445.69226872787,680.4496624860323,Approved
27.664711600670646,Male,Student,High School,Single,24311.43583433287,586.7667665520805,Denied
50.432433951151374,Female,Manager,Bachelor's,Married,104999.92611399328,779.744916237896,Approved
36.409044250879035,Male,Accountant,Bachelor's,Married,77288.03293760028,711.9354306320662,Approved
24.42154263437831,Female,Nurse,Associate's,Single,49177.14697568547,642.5881714549596,Denied
42.60331330691356,Male,Lawyer,Doctoral,Married,120696.57251396921,794.6975007406328,Approved
28.459649358875293,Female,Artist,Bachelor's,Single,36658.362286837764,606.4679035715961,Denied
37.116284820683816,Male,IT,Master's,Married,89524.65804400048,745.6748759951728,Approved
48.13936010705359,Female,Doctor,Doctoral,Married,180177.68856044888,821.5926427687255,Approved
54.55405004434622,Male,Consultant,Master's,Married,107294.09073487522,771.5950168499256,Approved
31.183403852769537,Female,Analyst,Bachelor's,Single,69872.9200846678,693.4453783650935,Approved
25.54372723344442,Male,Salesman,High School,Single,41711.42507732149,609.9419041295207,Denied
38.65196651657671,Female,Marketing,Bachelor's,Married,80625.08078529077,732.4947170147572,Approved
43.93749979413796,Male,Architect,Master's,Married,96463.88639560467,761.4422502651059,Approved
27.374066243130876,Female,Designer,Bachelor's,Single,51618.854548701296,656.305404394109,Denied
33.51386014493775,Male,Engineer,Bachelor's,Married,87016.08827079735,740.2601692799147,Approved
41.57678506515975,Female,Pharmacist,Doctoral,Married,123389.25731278774,804.8912701821644,Approved
30.313731409775993,Male,Researcher,Master's,Single,74127.49913549008,694.7611449383805,Approved
53.52261170416064,Female,Professor,Doctoral,Married,97607.54910699959,797.2857980083338,Approved
38.04081584883892,Male,Pilot,Bachelor's,Married,79191.6844160465,721.4986881080102,Approved
25.271203250085478,Female,Receptionist,High School,Single,35295.68968417092,581.5869708727334,Denied
46.05996631972377,Male,Banker,Master's,Married,116001.98392037001,775.4341963896626,Approved
32.17559636653355,Female,Writer,Bachelor's,Single,45462.689689272076,627.5711985156372,Denied
40.0305197607258,Male,Chef,Associate's,Married,62356.558446411254,690.1975449240102,Approved
28.16522851584644,Female,Veterinarian,Doctoral,Single,72489.5456367723,708.1064787514138,Approved
35.284192103664395,Male,Sales,Bachelor's,Married,67226.55762142755,709.2169941649422,Approved
42.83090915984906,Female,HR,Master's,Married,86189.61198037263,753.9326180390858,Approved
30.523817172970816,Male,Electrician,High School,Single,55822.466478715236,666.1154235204475,Approved
48.504080851783996,Female,Realtor,Bachelor's,Married,65174.67322930904,715.1609196655679,Approved
26.410204107966077,Male,Photographer,Associate's,Single,41230.37331569757,603.3072422978415,Denied
53.804883742363096,Female,Editor,Master's,Married,85231.64818222423,753.6986017794574,Approved
31.413704633599224,Male,Programmer,Bachelor's,Married,96218.19491447037,775.9373151791159,Approved
47.383727036437755,Female,Dentist,Doctoral,Married,143166.06577830706,811.2547572051109,Approved
29.338522485367957,Male,Musician,Bachelor's,Single,29497.236252575876,571.7581101896152,Denied
52.13182148684836,Female,Psychologist,Doctoral,Married,109319.83142100948,799.7535243724468,Approved
35.11638062254723,Male,Engineer,Master's,Married,101582.2108758394,773.3884785297349,Approved
26.48678845548819,Female,Server,High School,Single,28522.51588297621,557.6371692349791,Denied
40.26220621055741,Male,Software,Bachelor's,Married,84189.18400425004,737.8789206458256,Approved
32.86576557227231,Female,Stylist,Associate's,Single,42862.26596341322,620.3047323692086,Denied
38.45362995127143,Male,Accountant,Bachelor's,Married,82222.27150305286,727.7911296624662,Approved
30.43455468016188,Female,Teacher,Master's,Single,59463.29473932531,671.4162005596961,Approved
45.69473821250221,Male,Manager,Bachelor's,Married,109819.38114372383,790.9574924617841,Approved
27.527936135093345,Female,Nurse,Associate's,Single,53614.72370422748,660.2971234492893,Denied
42.06141566997497,Male,Lawyer,Doctoral,Married,128478.04645026696,800.8238592969097,Approved
36.25286802107309,Female,Engineer,Master's,Married,91127.2548534598,745.0564683901822,Approved
30.465662329758675,Male,Analyst,Bachelor's,Single,63412.5752779327,679.3194353008093,Approved
48.083694153536875,Female,Doctor,Doctoral,Married,176471.2052757874,826.9959400267095,Approved
34.33869794715512,Male,IT,Bachelor's,Married,80656.97522584125,716.6354984651209,Approved
27.36504674315868,Female,Artist,Bachelor's,Single,32614.79820809049,601.0394658766932,Denied
40.738095276186165,Male,Consultant,Master's,Married,105226.28705429086,760.9048150345092,Approved
29.637064497919177,Female,Designer,Bachelor's,Single,51290.704573768686,641.5388078323613,Denied
37.88308342423112,Male,Engineer,Bachelor's,Married,92201.05630619488,744.6862607253627,Approved
44.52572102749552,Female,Marketing,Master's,Married,85065.47644708649,740.5348760258162,Approved
31.897541594589516,Male,Salesman,High School,Single,42160.935922257566,630.3471868569509,Denied
49.4733323690919,Female,Professor,Doctoral,Married,118873.98909236428,809.6594637972399,Approved
39.6052248727501,Male,Architect,Master's,Married,101011.28366805491,768.1631753994034,Approved
24.636953546690254,Female,Receptionist,High School,Single,33667.342655195884,565.6014760578894,Denied
42.719657650785145,Male,Banker,Bachelor's,Married,94689.06371602998,757.3901439128246,Approved
30.264155890453136,Female,Writer,Master's,Single,53976.71694749777,647.9933442414872,Approved
38.07461400229365,Male,Chef,Associate's,Married,65462.84311893594,704.358528977405,Approved
32.34645825195816,Male,Engineer,Bachelor's,Married,85453.47314875945,721.5150372799579,Approved
44.707107727285,Female,Teacher,Master's,Single,61802.82766664399,679.3294403055162,Approved
27.848160519251298,Male,Student,High School,Single,25131.828677509347,590.6762973343098,Denied
51.20233845071304,Female,Manager,Bachelor's,Married,109558.00803609237,781.3105809592909,Approved
36.54304902341209,Male,Accountant,Bachelor's,Married,72982.47534497765,701.0358638476204,Approved
23.97357164556401,Female,Nurse,Associate's,Single,45468.0225902457,637.1637360252715,Denied
41.91317547525734,Male,Lawyer,Doctoral,Married,118069.21183154716,793.6369608897733,Approved
29.88997214935736,Female,Artist,Bachelor's,Single,39598.023121361904,626.2314980997797,Denied
37.21681096812937,Male,IT,Master's,Married,91797.31801824423,747.0783033820142,Approved
48.24580390400753,Female,Doctor,Doctoral,Married,180665.16595439543,816.7458343699379,Approved
55.13517671970646,Male,Consultant,Master's,Married,106747.28912905302,769.9462529455961,Approved
31.044357877068034,Female,Analyst,Bachelor's,Single,66343.53801161514,683.9974089324048,Approved
